City_ID,City,Lat,Lng,Max Temp,Humidity,Cloudiness,Wind Speed,Country,Date
0,colonia,50.9333,-6.95,293.07,90,100,2.57,DE,1694572527
1,hawaiian paradise park,19.5933,154.9731,300.88,72,0,4.12,US,1694572527
2,adamstown,-25.066,130.1015,290.78,61,68,10.65,PN,1694572527
3,grytviken,-54.2811,36.5092,263.89,76,51,4.81,GS,1694572528
4,kharp,66.8014,-65.8081,284.94,77,16,2.76,RU,1694572528
5,port-aux-francais,-49.35,-70.2167,274.24,73,96,10.57,TF,1694572523
6,bilibino,68.0546,-166.4372,280.24,67,98,1.3,RU,1694572348
7,kodiak,57.79,152.4072,282.88,81,75,1.54,US,1694572529
8,mount pearl,47.5166,52.7813,287.07,96,100,5.14,CA,1694572529
9,enewetak,11.3474,-162.3373,302.48,76,37,6.65,MH,1694572534
10,albany,42.6001,73.9662,292.44,91,91,1.26,US,1694572534
11,gagliano del capo,39.8442,-18.3695,295.83,78,9,2.06,IT,1694572534
12,sibolga,1.7427,-98.7792,300.63,79,97,0.39,ID,1694572534
13,margaret river,-33.95,-115.0667,286.13,85,100,12.53,AU,1694572535
14,puerto natales,-51.7236,72.4875,275.43,86,100,2.38,CL,1694572359
15,waitangi,-43.9535,176.5597,284.16,71,6,6.26,NZ,1694572535
16,luderitz,-26.6481,-15.1594,288.47,43,0,3.5,NA,1694572535
17,eyl,7.9803,-49.8164,298.68,76,54,7.31,SO,1694572535
18,la'ie,21.6477,157.9253,304.13,67,100,4.47,US,1694572536
19,plymouth,41.8334,70.8328,295.36,88,20,1.54,US,1694572338
20,ilulissat,69.2167,51.1,277.16,81,75,6.17,GL,1694572393
21,al jahra',29.3375,-47.6581,307.94,19,0,3.02,KW,1694572536
22,port elizabeth,-33.918,-25.5701,283.7,77,4,5.33,ZA,1694572371
23,papatowai,-46.5619,-169.4708,283.2,68,75,9.01,NZ,1694572537
24,edinburgh of the seven seas,-37.0676,12.3116,284.93,69,60,7.46,SH,1694572537
25,passo fundo,-28.2628,52.4067,292.91,84,100,3.07,BR,1694572113
26,tougan,13.0667,3.0667,297.72,69,100,4.09,BF,1694572537
27,yellowknife,62.456,114.3525,287.75,79,75,2.06,CA,1694572411
28,placido de castro,-10.3353,67.1856,299.37,69,38,1.54,BR,1694572538
29,sarpang,26.864,-90.2674,304.35,61,62,1.49,BT,1694572538
30,ust-nera,64.5667,-143.2,280.19,47,22,2.51,RU,1694572538
31,kingston,17.997,76.7936,302.68,74,20,5.14,JM,1694572497
32,san patricio,28.017,97.5169,304.12,59,5,5.37,US,1694572539
33,hamilton,39.1834,84.5333,292.26,93,40,1.54,US,1694571986
34,al bawiti,28.3492,-28.8659,296.48,75,0,2.73,EG,1694572539
35,olonkinbyen,70.9221,8.7187,277.23,69,86,3.92,SJ,1694572539
36,sur,22.5667,-59.5289,302.5,61,6,3.45,OM,1694572540
37,kundian,32.4587,-71.4775,306.8,41,0,4.96,PK,1694572540
38,blackmans bay,-43.0167,-147.3167,290.22,55,100,3.98,AU,1694572540
39,yerofey pavlovich,53.9667,-121.9667,286.38,40,25,2.06,RU,1694572540
40,iqaluit,63.7506,68.5145,276.0,86,100,7.2,CA,1694572541
41,tandur,17.2333,-77.5833,298.41,80,91,4.7,IN,1694572541
42,rio cauto,20.5603,76.9161,298.12,87,49,2.22,CU,1694572541
43,hotan,37.0997,-79.9269,300.46,14,0,5.8,CN,1694572541
44,olyokminsk,60.3736,-120.4264,281.85,75,89,3.77,RU,1694572541
45,ocean city,39.2776,74.5746,298.14,85,46,3.58,US,1694572441
46,cruzeiro do sul,-29.5128,51.9853,288.75,92,100,3.48,BR,1694572542
47,khandyga,62.6667,-135.6,282.22,49,99,1.93,RU,1694572542
48,benguela,-12.5763,-13.4055,293.39,87,2,1.89,AO,1694572542
49,vorgashor,67.5833,-63.95,282.41,82,38,7.18,RU,1694572542
50,praia da vitoria,38.7333,27.0667,296.35,88,20,4.37,PT,1694572543
51,ribeira grande,38.5167,28.7,295.8,91,91,0.45,PT,1694572543
52,whitehorse,60.7161,135.0538,285.82,57,75,3.6,CA,1694572516
53,sola,-13.8833,-167.55,298.06,84,93,7.57,VU,1694572543
54,port augusta,-32.5,-137.7667,300.95,17,13,6.46,AU,1694572543
55,bikenibeu village,1.3673,-173.1241,303.13,74,75,0.51,KI,1694572544
56,cabo san lucas,22.8909,109.9124,304.05,80,20,4.47,MX,1694572512
57,poso,-1.3959,-120.7524,304.8,41,34,1.55,ID,1694572544
58,tura,25.5198,-90.2201,299.95,89,100,1.89,IN,1694572544
59,rongelap,11.1635,-166.8941,301.9,76,100,6.55,MH,1694572545
60,dalhart,36.0595,102.5133,291.14,72,0,5.14,US,1694572545
61,qaqortoq,60.7167,46.0333,276.84,74,2,1.55,GL,1694572545
62,georgetown,5.4112,-100.3354,301.12,69,20,1.54,MY,1694572390
63,souillac,-20.5167,-57.5167,294.36,88,75,1.03,MU,1694572546
64,chinchilla,-26.75,-150.6333,296.85,28,0,2.77,AU,1694572546
65,st. john's,47.5649,52.7093,287.53,95,100,5.14,CA,1694572546
66,afaahiti,-17.75,149.2833,299.08,73,98,10.22,PF,1694572546
67,manokwari,-0.8667,-134.0833,301.09,71,100,2.24,ID,1694572547
68,ushuaia,-54.8,68.3,276.96,60,0,2.06,AR,1694572547
69,tiksi,71.6872,-128.8694,279.04,85,100,6.01,RU,1694572547
70,mariehamn,60.0973,-19.9348,287.07,100,0,0.51,AX,1694572547
71,alice springs,-23.7,-133.8833,299.9,12,6,8.23,AU,1694572311
72,daru,-9.0763,-143.2092,300.47,64,85,7.33,PG,1694572548
73,wewak,-3.5534,-143.6268,302.63,69,45,5.21,PG,1694572548
74,puerto baquerizo moreno,-0.9,89.6,296.61,80,97,4.8,EC,1694572548
75,fuman,37.2273,-49.3142,292.87,87,66,0.98,IR,1694572548
76,puerto aysen,-45.4,72.7,276.07,99,85,1.98,CL,1694572310
77,cill airne,52.05,9.5167,281.82,92,38,1.6,IE,1694572357
78,port lincoln,-34.7333,-135.8667,295.35,43,76,4.7,AU,1694572549
79,langzhong,31.5504,-105.9938,298.54,69,4,0.8,CN,1694572549
80,warrenton,-28.114,-24.8475,279.72,69,18,6.39,ZA,1694572549
81,kapuskasing,49.4169,82.4331,282.2,87,100,4.12,CA,1694572550
82,badger,64.8,147.5333,287.03,65,40,2.57,US,1694572550
83,avarua,-21.2078,159.775,297.18,64,20,7.2,CK,1694572550
84,laja,-37.2667,72.7,278.31,94,19,0.56,CL,1694572550
85,invercargill,-46.4,-168.35,283.72,75,78,10.28,NZ,1694572550
86,arraial do cabo,-22.9661,42.0278,294.77,84,0,12.15,BR,1694572551
87,port alfred,-33.5906,-26.891,284.36,76,18,0.89,ZA,1694572551
88,paradip garh,20.3167,-86.6167,302.14,77,95,5.11,IN,1694572551
89,broken hill,-31.95,-141.4333,298.0,20,5,1.79,AU,1694572551
90,atafu village,-8.5421,172.5159,301.74,73,8,5.08,TK,1694572552
91,todos santos,23.45,110.2167,303.32,85,61,2.8,MX,1694572552
92,tromso,69.6496,-18.957,279.16,87,75,1.54,NO,1694572552
93,koszalin,54.1944,-16.1722,289.08,92,64,1.64,PL,1694572552
94,ocean shores,46.9737,124.1563,290.53,93,100,4.12,US,1694572552
95,stanley,54.868,1.6985,281.22,92,20,2.57,GB,1694572553
96,xilin hot,43.9667,-116.0333,292.75,33,44,4.03,CN,1694572553
97,smithers,54.7804,127.1743,288.33,82,75,0.0,CA,1694572553
98,utrik,11.2278,-169.8474,301.71,77,90,6.34,MH,1694572553
99,jamestown,42.097,79.2353,289.92,98,100,2.06,US,1694572553
100,saipan,15.1355,-145.701,303.54,79,75,4.12,MP,1694572554
101,longyearbyen,78.2186,-15.6401,273.06,86,75,0.0,SJ,1694572554
102,tirumullaivasal,11.2333,-79.8333,302.27,68,96,4.86,IN,1694572554
103,constantia,44.1833,-28.65,288.54,69,0,2.43,RO,1694572554
104,argo,37.6333,-22.7333,293.49,51,0,1.93,GR,1694572555
105,west island,-12.1568,-96.8225,300.14,74,40,5.14,CC,1694572555
106,bethel,41.3712,73.414,295.32,88,0,0.0,US,1694572555
107,queenstown,-31.8976,-26.8753,275.77,84,10,1.06,ZA,1694572555
108,kasongo-lunda,-6.4667,-16.8167,296.92,61,9,1.33,CD,1694572556
109,solleftea,63.1667,-17.2667,279.07,83,30,3.7,SE,1694572556
110,mejit,10.2753,-170.8646,301.79,76,21,6.58,MH,1694572556
111,toyooka,35.5333,-134.8333,303.18,65,40,3.09,JP,1694572556
112,araban,37.4267,-37.689,291.57,37,0,3.21,TR,1694572557
113,bridlington,54.0831,0.1919,287.6,79,1,2.24,GB,1694572557
114,akjoujt,19.6969,14.4164,305.56,41,0,3.67,MR,1694572557
115,san juan de miraflores,-12.1629,76.9635,291.44,87,91,2.57,PE,1694572557
116,hermanus,-34.4187,-19.2345,282.56,72,0,4.4,ZA,1694572558
117,aydincik,36.1437,-33.3202,297.24,31,0,7.31,TR,1694572558
118,nogliki,51.8333,-143.1667,290.85,44,3,6.59,RU,1694572558
119,laguna,38.421,121.4238,302.31,37,0,4.12,US,1694572558
120,lisakovsk,52.5369,-62.4936,282.93,83,40,3.48,KZ,1694572558
121,sorong,-0.8833,-131.25,302.15,72,16,5.53,ID,1694572559
122,college,64.8569,147.8028,287.08,63,75,2.57,US,1694572559
123,cova figueira,14.8905,24.2934,297.92,82,27,4.01,CV,1694572559
124,coahuayana de hidalgo,18.7,103.6583,300.08,92,94,0.55,MX,1694572559
125,laojunmiao,39.8333,-97.7333,297.15,16,37,3.92,CN,1694572559
126,kiunga,-6.1219,-141.2906,300.3,68,96,3.1,PG,1694572560
127,chonchi,-42.6128,73.8092,280.44,96,64,1.17,CL,1694572560
128,kerikeri,-35.2268,-173.9474,291.43,65,54,1.34,NZ,1694572560
129,buxerolles,46.6167,-0.4833,290.26,100,0,3.09,FR,1694572560
130,san pedro,14.35,-121.0167,303.88,76,75,4.12,PH,1694572560
131,margate,51.3813,-1.3862,289.43,94,95,4.92,GB,1694572561
132,salisbury,51.0693,1.7957,287.86,88,100,4.63,GB,1694572561
133,caazapa,-26.15,56.4,294.08,92,79,2.81,PY,1694572561
134,cam ranh,11.9214,-109.1591,305.13,51,20,2.06,VN,1694572561
135,muynoq,43.7683,-59.0214,291.68,46,96,1.17,UZ,1694572562
136,howrah,22.5892,-88.3103,302.15,84,40,5.14,IN,1694572562
137,uturoa,-16.7333,151.4333,297.78,78,92,11.24,PF,1694572562
138,nassau,40.7507,73.5829,297.07,82,0,2.57,US,1694572252
139,ariquemes,-9.9133,63.0408,301.03,57,36,0.23,BR,1694572562
140,itapissuma,-7.7764,34.8922,299.17,90,5,4.16,BR,1694572563
141,kingscliff,-28.2667,-153.5667,296.04,43,16,5.66,AU,1694572563
142,sarangani,5.4033,-125.4636,301.53,77,83,6.56,PH,1694572563
143,touros,-5.1989,35.4608,297.94,81,11,6.6,BR,1694572563
144,port mathurin,-19.6833,-63.4167,295.79,73,100,7.27,MU,1694572564
145,bahia de kino,28.8333,111.9333,305.88,63,4,3.13,MX,1694572442
146,matoury,4.8483,52.3317,299.13,89,0,1.03,GF,1694572564
147,punta arenas,-53.15,70.9167,279.21,75,75,7.2,CL,1694572275
148,bredasdorp,-34.5322,-20.0403,278.33,89,1,2.11,ZA,1694572565
149,paran'ga,56.7039,-49.4047,285.77,73,100,2.33,RU,1694572565
150,thompson,55.7435,97.8558,286.24,67,20,3.09,CA,1694572565
151,villa gesell,-37.2639,56.973,280.4,69,98,2.86,AR,1694572565
152,salmon arm,50.6998,119.3024,292.77,75,94,0.51,CA,1694572566
153,ordubad,38.9059,-46.0234,288.77,86,96,2.16,AZ,1694572566
154,sars,56.5502,-57.1366,283.62,91,54,1.48,RU,1694572566
155,tlahualilo de zaragoza,26.1167,103.45,303.14,29,10,9.0,MX,1694572567
156,quellon,-43.1167,73.6167,280.29,100,75,0.0,CL,1694572567
157,kovalam,8.3667,-76.9967,301.2,78,75,2.06,IN,1694572569
158,hammerfest,70.6634,-23.6821,279.4,100,75,2.57,NO,1694572392
159,lazaro cardenas,17.9583,102.2,300.89,84,100,2.5,MX,1694572572
160,bubaque,11.2833,15.8333,300.56,82,74,4.96,GW,1694572572
161,filadelfia,39.9523,75.1638,297.6,82,75,3.09,US,1694572310
162,tomatlan,19.9333,105.25,299.18,95,18,0.51,MX,1694572572
163,cananeia,-25.0147,47.9267,293.15,91,0,3.53,BR,1694572573
164,jumla,29.2747,-82.1838,293.44,75,82,1.1,NP,1694572573
165,egilsstadir,65.2653,14.3948,273.1,74,0,1.54,IS,1694572573
166,ambanja,-13.6833,-48.45,294.46,79,47,1.65,MG,1694572573
167,ad dilam,23.9915,-47.1627,303.38,31,88,1.13,SA,1694572574
168,dudinka,69.4058,-86.1778,277.94,75,100,8.63,RU,1694572574
169,isafjordur,66.0755,23.124,280.23,72,100,2.93,IS,1694572574
170,keflavik,64.0049,22.5624,282.39,71,75,6.69,IS,1694572574
171,veraval,20.9,-70.3667,300.96,82,36,5.62,IN,1694572574
172,sitka,57.0531,135.33,286.09,88,75,4.63,US,1694572575
173,labuan bajo,-8.4964,-119.8877,302.15,56,12,2.15,ID,1694572575
174,udachny,66.4167,-112.4,275.07,100,100,9.96,RU,1694572575
175,lebu,-37.6167,73.65,281.73,88,40,1.57,CL,1694572320
176,lowell,42.6334,71.3162,295.24,87,0,1.54,US,1694572575
177,tual,-5.6667,-132.75,298.56,85,28,9.57,ID,1694572576
178,coruripe,-10.1256,36.1756,296.13,87,5,4.13,BR,1694572576
179,saint-joseph,-21.3667,-55.6167,295.36,82,40,3.84,RE,1694572576
180,kalundborg,55.6795,-11.0886,289.79,72,100,6.42,DK,1694572576
181,caleta de carquin,-11.0925,77.6267,291.58,82,65,5.19,PE,1694572577
182,ararat,39.8317,-44.7049,287.34,87,100,2.04,AM,1694572577
183,beni,0.5,-29.4667,288.77,94,31,1.13,CD,1694572577
184,vila franca do campo,37.7167,25.4333,294.2,99,98,2.04,PT,1694572577
185,arizona city,32.7559,111.671,305.27,56,60,4.13,US,1694572322
186,yima,34.7381,-111.8839,296.12,68,4,3.76,CN,1694572578
187,pisco,-13.7,76.2167,292.6,77,5,1.03,PE,1694572435
188,aasiaat,68.7098,52.8699,274.09,98,100,7.74,GL,1694572578
189,beledweyne,4.7358,-45.2036,297.6,78,97,7.58,SO,1694572578
190,aykhal,66.0,-111.5,276.08,96,100,11.22,RU,1694572579
191,oyama,36.3,-139.8,306.12,48,96,1.92,JP,1694572579
192,itapirapua,-15.8233,50.6133,301.17,28,30,0.8,BR,1694572579
193,quatre cocos,-20.2078,-57.7625,295.98,81,34,4.76,MU,1694572579
194,newman,37.3138,121.0208,302.6,10,0,3.4,US,1694572579
195,clarence town,-32.5833,-151.7833,297.12,25,0,1.47,AU,1694572580
196,grajau,-5.8194,46.1386,298.7,40,0,1.07,BR,1694572580
197,puerto ayora,-0.7393,90.3518,296.79,90,66,4.02,EC,1694572580
198,praia,14.9215,23.5087,299.45,94,20,3.09,CV,1694572580
199,alaghsas,17.0187,-8.0168,304.29,17,100,4.79,NE,1694572581
200,oodweyne,9.4092,-45.064,297.02,55,94,5.26,SO,1694572581
201,carutapera,-1.195,46.02,298.76,80,5,3.53,BR,1694572582
202,parkes,-33.1333,-148.1833,296.12,33,0,4.07,AU,1694572582
203,shakawe,-18.3667,-21.85,285.19,26,0,2.84,BW,1694572582
204,stephenville,32.2207,98.2023,295.8,76,0,4.63,US,1694572560
205,lompoc,34.6391,120.4579,290.38,84,100,6.26,US,1694572482
206,ust'-barguzin,53.45,-108.9833,285.54,51,40,0.63,RU,1694572583
207,hasaki,35.7333,-140.8333,303.37,75,87,3.45,JP,1694572583
208,tilcara,-23.5776,65.3509,278.54,21,0,3.59,AR,1694572583
209,salinopolis,-0.6136,47.3561,299.36,81,33,4.65,BR,1694572584
210,bonthe,7.5264,12.505,297.83,91,39,1.81,SL,1694572584
211,tolanaro,-25.0319,-46.9987,294.19,88,40,3.09,MG,1694572584
212,brisas de zicatela,15.8369,97.0419,302.44,54,75,0.0,MX,1694572584
213,vilyuchinsk,52.9306,-158.4028,286.3,89,100,2.36,RU,1694572584
214,la foa,-21.7108,-165.8276,296.02,59,79,5.96,NC,1694572585
215,roquetas de mar,36.7642,2.6148,296.27,65,96,0.53,ES,1694572585
216,dolbeau-mistassini,48.8763,72.212,289.51,98,100,3.51,CA,1694572585
217,katsuren-haebaru,26.3369,-127.8719,305.16,75,75,4.63,JP,1694572585
218,iskateley,67.6803,-53.1512,284.36,84,22,7.42,RU,1694572586
219,tamazulapam villa del progreso,17.6806,97.5689,288.93,83,49,2.5,MX,1694572586
220,barah,13.7,-30.3667,298.75,70,22,2.5,SD,1694572586
221,kone,-21.0595,-164.8658,296.26,59,96,3.42,NC,1694572586
222,anadyr,64.75,-177.4833,282.43,66,0,9.0,RU,1694572586
223,taltal,-25.4,70.4833,289.49,59,0,4.64,CL,1694572587
224,nagqu,31.5,-92.0,281.01,42,0,1.79,CN,1694572587
225,east london,-33.0153,-27.9116,286.51,68,15,7.71,ZA,1694572587
226,xiva,41.3783,-60.3639,285.14,42,0,5.46,UZ,1694572587
227,kalemie,-5.9475,-29.1947,296.64,76,71,0.51,CD,1694572588
228,solwezi,-12.1688,-26.3894,291.92,36,45,2.67,ZM,1694572588
229,chibuto,-24.6867,-33.5306,291.78,59,100,5.21,MZ,1694572588
230,port blair,11.6667,-92.75,301.17,83,75,4.12,IN,1694572588
231,ezhva,61.8128,-50.7283,278.03,100,100,2.0,RU,1694572588
232,ati,13.2154,-18.3353,299.45,66,100,5.82,TD,1694572589
233,callao,-12.0667,77.15,292.31,77,100,4.12,PE,1694572589
234,tianpeng,30.9866,-103.9393,299.06,64,0,1.72,CN,1694572589
235,tlacolula de matamoros,16.95,96.4833,292.54,86,33,2.89,MX,1694572500
236,holualoa,19.6228,155.9522,300.06,79,100,4.12,US,1694572590
237,kiri buru,22.0833,-85.35,299.93,83,99,2.34,IN,1694572590
238,belyy yar,53.6039,-91.3903,286.09,76,0,0.0,RU,1694572590
239,nova sintra,14.8667,24.7167,298.04,78,24,3.71,CV,1694572590
240,salekhard,66.53,-66.6019,285.48,72,16,5.42,RU,1694572591
241,sisimiut,66.9395,53.6735,277.5,79,100,5.84,GL,1694572591
242,erenhot,43.6475,-111.9767,294.83,27,84,6.79,CN,1694572591
243,klyuchi,52.2667,-79.1667,287.51,60,95,2.13,RU,1694572591
244,bagudo,11.4033,-4.2296,296.46,92,100,3.17,NG,1694572591
245,suntar,62.1444,-117.6319,282.84,77,64,4.35,RU,1694572592
246,parras de la fuente,25.4167,102.1833,297.22,37,15,4.77,MX,1694572592
247,bowen,-20.0167,-148.2333,296.69,52,0,10.02,AU,1694572592
248,nar'yan-mar,67.6713,-53.087,284.39,84,22,7.42,RU,1694572397
249,midvagur,62.0511,7.1939,275.61,87,12,0.51,FO,1694572592
250,masterton,-40.9597,-175.6575,287.53,48,4,0.84,NZ,1694572593
251,lavras da mangabeira,-6.7533,38.9644,298.0,68,56,3.34,BR,1694572564
252,mugia,43.1041,9.2179,290.88,90,3,5.5,ES,1694572593
253,okhotsk,59.3833,-143.3,281.62,86,100,5.17,RU,1694572593
254,hami,42.8,-93.45,301.11,21,95,4.21,CN,1694572593
255,beau vallon,-20.4189,-57.6953,296.05,88,75,1.03,MU,1694572594
256,borkum,53.5809,-6.6915,290.9,82,100,11.18,DE,1694572594
257,igarka,67.4667,-86.5833,280.23,64,98,4.91,RU,1694572594
258,remire-montjoly,4.9167,52.2667,299.17,89,0,1.03,GF,1694572594
259,yangjiang,21.85,-111.9667,302.16,79,88,3.5,CN,1694572595
260,codrington,-38.2667,-141.9667,295.29,45,100,2.67,AU,1694572595
261,senica,48.6792,-17.367,292.32,62,57,1.86,SK,1694572595
262,zelenokumsk,44.4069,-43.8806,288.05,45,82,1.16,RU,1694572595
263,ar rutbah,33.0381,-40.2848,298.13,28,0,3.32,IQ,1694572596
264,greenville,35.6127,77.3663,299.24,93,100,0.0,US,1694572339
265,nadi,-17.8,-177.4167,302.15,65,20,5.66,FJ,1694572596
266,al jawf,29.5,-38.75,296.95,43,0,3.46,SA,1694572596
267,page,36.9147,111.4558,293.03,68,0,1.79,US,1694572596
268,san carlos del zulia,9.0,71.9135,299.02,84,43,0.43,VE,1694572597
269,turpan,42.9333,-89.1667,303.12,27,100,0.7,CN,1694572597
270,antonio enes,-16.2325,-39.9086,296.52,87,19,3.42,MZ,1694572597
271,skovorodino,53.9833,-123.9167,286.61,41,93,2.14,RU,1694572597
272,toliara,-23.35,-43.6667,293.37,90,2,5.29,MG,1694572598
273,wainwright,52.839,110.8572,289.23,58,42,3.21,CA,1694572570
274,richards bay,-28.783,-32.0377,286.41,76,26,0.93,ZA,1694572387
275,hithadhoo,-0.6,-73.0833,301.07,79,95,6.84,MV,1694572598
276,qurayyat,31.3318,-37.3428,296.25,40,0,4.63,SA,1694572598
277,hadibu,12.65,-54.0333,299.77,81,46,7.81,YE,1694572599
278,badiyah,22.45,-58.8,299.3,66,6,2.54,OM,1694572599
279,alcamo,37.9983,-12.9565,296.46,65,66,2.24,IT,1694572599
280,harper,4.375,7.7169,297.59,91,97,3.71,LR,1694572599
281,lethbridge,49.7,112.8186,293.42,39,100,3.6,CA,1694572600
282,lihue,21.9789,159.3672,301.73,68,40,6.17,US,1694572559
283,torzhok,57.0436,-34.9622,286.03,71,100,2.51,RU,1694572600
284,port saint john's,-31.6229,-29.5448,286.9,76,31,6.2,ZA,1694572600
285,kaulsdorf,50.6333,-11.4333,292.23,90,89,2.77,DE,1694572600
286,linxia chengguanzhen,35.6003,-103.2064,293.27,40,2,0.16,CN,1694572601
287,san andres,12.5847,81.7006,302.16,84,20,2.06,CO,1694572517
288,canavieiras,-15.675,38.9472,294.44,88,12,0.76,BR,1694572601
289,fort bragg,35.139,79.006,299.06,74,75,2.57,US,1694572601
290,rijau,11.103,-5.2507,293.96,93,100,1.64,NG,1694572601
291,olds,51.7834,114.102,290.62,51,100,2.06,CA,1694572602
292,christchurch,-43.5333,-172.6333,290.08,50,2,5.66,NZ,1694572369
293,curumani,9.1999,73.5427,298.27,94,18,1.53,CO,1694572571
294,sanghar,26.0466,-68.9481,301.38,67,87,8.71,PK,1694572602
295,jebrail,39.3992,-47.0283,287.6,92,100,1.56,AZ,1694572602
296,portland,45.5234,122.6762,296.47,66,100,3.09,US,1694572441
297,batang,-6.4846,-110.7083,304.49,48,43,1.92,ID,1694572603
298,puerto el triunfo,13.2833,88.55,300.16,85,48,0.56,SV,1694572603
299,wailua homesteads,22.0669,159.378,301.39,68,40,6.17,US,1694572604
300,kavieng,-2.5744,-150.7967,302.02,70,100,3.01,PG,1694572608
301,rio grande,-32.035,52.0986,284.23,90,100,7.16,BR,1694572564
302,carnarvon,-24.8667,-113.6333,295.13,65,1,9.82,AU,1694572608
303,zakamensk,50.3741,-103.2863,284.2,92,100,0.43,RU,1694572609
304,dakhla,23.6848,15.958,294.2,87,42,9.7,EH,1694572609
305,cabugao,17.7931,-120.4578,302.53,70,48,3.77,PH,1694572609
306,hastings,50.8552,-0.5729,289.44,43,99,6.85,GB,1694572609
307,kapa'a,22.0752,159.319,302.14,68,40,6.17,US,1694572609
308,caernarfon,53.1413,4.2702,286.36,35,100,2.06,GB,1694572610
309,taroa,8.7058,-171.2275,301.79,73,30,4.78,MH,1694572610
310,alofi,-19.0595,169.9187,299.09,73,75,7.2,NU,1694572610
311,dessalines,19.2833,72.5,297.69,83,99,2.05,HT,1694572610
312,susuman,62.7833,-148.1667,277.87,91,100,1.52,RU,1694572610
313,dongkan,33.9997,-119.8308,293.91,95,100,4.58,CN,1694572611
314,isangel,-19.55,-169.2667,299.21,65,75,6.17,VU,1694572611
315,lycksele,64.5954,-18.6735,275.08,100,1,0.51,SE,1694572611
316,yaren,-0.5472,-166.916,301.7,66,31,0.72,NR,1694572611
317,bethanie,-26.4833,-17.15,280.66,22,0,2.12,NA,1694572611
318,prado,-17.3411,39.2208,295.24,87,6,2.65,BR,1694572612
319,kyshtovka,56.555,-76.6271,283.3,76,94,4.99,RU,1694572612
320,bella union,-30.2752,57.6007,283.21,90,100,9.56,UY,1694572612
321,saint-philippe,-21.3585,-55.7679,295.92,84,59,4.82,RE,1694572612
322,mana,5.6592,53.7767,299.09,84,21,5.86,GF,1694572612
323,peterhead,57.5058,1.7981,277.84,70,8,3.04,GB,1694572613
324,revda,56.801,-59.9303,283.42,92,12,1.43,RU,1694572613
325,bardai,11.65,-7.2333,293.72,92,100,3.92,NG,1694572613
326,haiku-pauwela,20.9219,156.3051,301.16,64,20,13.38,US,1694572613
327,guerrero negro,27.9769,114.0611,295.91,80,0,6.64,MX,1694572613
328,port douglas,-16.4833,-145.4667,296.15,71,41,9.8,AU,1694572614
329,freetown,8.484,13.2299,299.99,89,75,3.09,SL,1694572614
330,mokrous,51.2333,-47.5167,284.02,76,80,1.48,RU,1694572614
331,cidreira,-30.1811,50.2056,289.25,94,100,5.34,BR,1694572614
332,merritt,50.1123,120.7942,289.44,57,100,1.34,CA,1694572441
333,richmond,37.5538,77.4603,296.14,93,100,3.09,US,1694572067
334,kalampaka,39.7044,-21.6269,291.26,64,0,0.95,GR,1694572615
335,pointe michel,15.25,61.3833,301.85,75,100,4.77,DM,1694572615
336,machina,13.1364,-10.0492,301.05,56,77,3.64,NG,1694572615
337,katsuura,35.1333,-140.3,301.0,76,77,3.63,JP,1694572616
338,chuzhou,32.3219,-118.2978,293.88,96,100,5.4,CN,1694572616
339,mata-utu,-13.2816,176.1745,300.7,79,11,7.48,WF,1694572616
340,turabah,21.2141,-41.6331,298.69,40,96,1.19,SA,1694572616
341,kedrovyy,56.1667,-91.8167,283.38,97,100,2.31,RU,1694572617
342,jining,35.405,-116.5814,299.85,60,12,3.86,CN,1694572591
343,huarmey,-10.0681,78.1522,291.73,84,14,5.24,PE,1694572617
344,crane,31.3974,102.3501,294.94,70,86,5.15,US,1694572617
345,saudarkrokur,65.7461,19.6394,277.84,76,99,4.8,IS,1694572618
346,geraldton,-28.7667,-114.6,296.38,56,100,15.43,AU,1694572618
347,cooper's town,26.8667,77.5167,301.87,74,2,6.68,BS,1694572618
348,namibe,-15.1961,-12.1522,289.47,93,20,1.42,AO,1694572618
349,kavaratti,10.5669,-72.642,300.78,80,91,6.42,IN,1694572618
350,santana,-0.0583,51.1817,301.25,69,20,3.09,BR,1694572619
351,port-vila,-17.7338,-168.3219,296.93,88,100,6.17,VU,1694572619
352,flin flon,54.7682,101.865,286.09,54,35,4.07,CA,1694572619
353,christiansburg,37.1298,80.4089,292.16,92,0,0.0,US,1694572619
354,greymouth,-42.4667,-171.2,283.71,77,87,4.48,NZ,1694572620
355,porbandar,21.6422,-69.6093,301.29,76,52,4.65,IN,1694572396
356,ancud,-41.8697,73.8203,280.79,88,59,3.59,CL,1694572620
357,qamdo,31.1667,-97.2333,281.84,46,0,0.67,CN,1694572620
358,funafuti,-8.5243,-179.1942,304.15,79,75,6.69,TV,1694572398
359,ko pha ngan,9.7578,-100.0291,299.53,77,100,1.45,TH,1694572621
360,los zacatones,22.95,102.05,293.99,39,40,10.57,MX,1694572621
361,sagua la grande,22.8067,80.0756,299.7,85,0,2.88,CU,1694572621
362,cole harbour,44.6724,63.4751,293.13,98,49,0.51,CA,1694572621
363,ketchikan,55.3422,131.6461,285.79,90,100,3.21,US,1694572621
364,oranjemund,-28.55,-16.4333,288.17,32,0,3.13,NA,1694572622
365,kimbe,-5.5502,-150.1429,303.43,65,72,2.85,PG,1694572623
366,fortuna,40.5982,124.1573,290.66,88,0,4.63,US,1694572623
367,bereket,39.2446,-55.5154,293.0,30,0,3.82,TM,1694572623
368,yigo village,13.5361,-144.8886,304.31,79,20,4.63,GU,1694572623
369,genhe,50.7833,-121.5167,286.85,37,62,3.29,CN,1694572623
370,mariahu,25.6167,-82.6167,303.13,74,100,0.24,IN,1694572624
371,babruysk,53.15,-29.2333,284.7,65,9,3.27,BY,1694572624
372,macusani,-14.0833,70.4333,275.78,92,99,2.04,PE,1694572624
373,las khorey,11.1595,-48.1967,306.02,51,53,3.8,SO,1694572624
374,nambucca heads,-30.65,-153.0,296.02,61,6,4.05,AU,1694572625
375,la ronge,55.1001,105.2842,292.27,59,75,4.12,CA,1694572625
376,talnakh,69.4865,-88.3972,277.71,93,100,5.51,RU,1694572625
377,zyrya,40.3661,-50.2917,291.2,62,100,8.33,AZ,1694572625
378,swakopmund,-22.6833,-14.5333,283.7,80,0,0.89,NA,1694572534
379,chibougamau,49.9168,74.3659,286.94,94,100,2.57,CA,1694572627
380,mostaganem,35.9311,-0.0892,297.25,68,100,2.43,DZ,1694572627
381,ust'-ilimsk,58.0006,-102.6619,286.48,52,99,2.22,RU,1694572627
382,nova vicosa,-17.8919,39.3719,295.4,82,0,3.01,BR,1694572628
383,chamical,-30.36,66.314,285.44,25,47,2.51,AR,1694572628
384,gonabad,34.3529,-58.6837,292.19,32,0,0.0,IR,1694572628
385,kaa-khem,51.6833,-94.7333,290.47,51,100,1.16,RU,1694572628
386,griffith,41.5284,87.4237,290.31,85,0,1.54,US,1694572629
387,mombetsu,44.3525,-143.3525,296.16,94,75,3.6,JP,1694572629
388,jianshui,23.6363,-102.8264,296.42,72,94,2.61,CN,1694572629
389,huaquillas,-3.4833,80.2333,299.28,73,100,1.54,EC,1694572589
390,gorontalo,0.5412,-123.0595,300.04,72,99,1.63,ID,1694572630
391,jefferson city,38.5767,92.1735,292.76,77,0,0.0,US,1694572630
392,am timan,11.0297,-20.2827,296.39,88,95,1.25,TD,1694572630
393,lagoa,39.05,27.9833,295.05,89,100,7.79,PT,1694572630
394,rawson,-43.3002,65.1023,282.6,53,17,4.13,AR,1694572630
395,keelung,25.1283,-121.7419,308.18,68,100,1.94,TW,1694572631
396,lerwick,60.1545,1.1494,278.15,67,18,3.82,GB,1694572631
397,akdepe,42.0551,-59.3788,287.2,41,2,3.85,TM,1694572631
398,kalmunai,7.4167,-81.8167,302.42,63,99,4.67,LK,1694572632
399,noyabrsk,63.1994,-75.4507,282.18,69,89,3.13,RU,1694572632
400,sikonge,-5.6333,-32.7667,294.94,58,2,2.83,TZ,1694572632
401,quebo,11.3333,14.9333,297.27,96,96,1.26,GW,1694572632
402,bathurst,-33.4166,-149.5806,293.69,48,0,0.45,AU,1694572632
403,zaozersk,69.4005,-32.4476,281.64,90,100,4.71,RU,1694572633
404,moscow,55.7522,-37.6156,284.47,69,0,1.82,RU,1694571950
405,labrador city,52.9463,66.9114,281.1,93,100,1.54,CA,1694572633
406,kiomboi,-4.2667,-34.3667,291.34,68,14,2.21,TZ,1694572633
407,oguta,5.7089,-6.8103,295.96,98,100,0.72,NG,1694572634
408,tazovsky,67.4667,-78.7,282.02,64,100,6.25,RU,1694572634
409,vadso,70.0744,-29.7487,281.24,71,75,0.0,NO,1694572634
410,cockburn town,21.4612,71.1419,302.21,78,64,7.89,TC,1694572634
411,hiratacho,35.4333,-132.8167,303.16,70,75,2.57,JP,1694572634
412,saint-pierre,-21.3393,-55.4781,295.97,64,100,1.54,RE,1694572635
413,vila velha,-20.3297,40.2925,295.12,89,0,3.09,BR,1694572408
414,sinabang,2.4803,-96.3801,301.16,78,99,3.61,ID,1694572635
415,laminusa,5.5549,-120.9136,301.06,76,97,6.58,PH,1694572635
416,la passe,45.5549,0.8967,292.58,78,100,3.57,FR,1694572635
417,yelizovo,53.1873,-158.3805,286.23,93,75,2.0,RU,1694572636
418,tannum sands,-23.9504,-151.3693,298.09,38,40,5.66,AU,1694572636
419,panaba,21.2833,88.2667,298.66,94,40,3.76,MX,1694572636
420,nemuro,43.3236,-145.575,292.83,96,100,3.88,JP,1694572636
421,palikir - national government center,6.9248,-158.1611,303.62,79,100,3.09,FM,1694572637
422,huamachuco,-7.8,78.0667,285.61,73,96,1.24,PE,1694572637
423,pindi gheb,33.2402,-72.2661,306.15,42,0,4.26,PK,1694572637
424,pangkalpinang,-2.1333,-106.1333,303.52,59,20,4.95,ID,1694572638
425,kropotkin,45.4375,-40.5756,285.63,49,7,0.36,RU,1694572638
426,jinchang,38.4953,-102.1739,298.78,17,0,3.47,CN,1694572638
427,hongqiao,26.7684,-112.1081,294.31,90,100,3.2,CN,1694572638
428,novo lino,-8.915,35.6467,293.56,98,34,1.28,BR,1694572639
429,alamogordo,32.8995,105.9603,293.6,82,40,3.09,US,1694572623
430,elliot lake,46.3834,82.6331,281.8,89,99,3.53,CA,1694572639
431,new norfolk,-42.7826,-147.0587,290.88,33,100,3.0,AU,1694572640
432,dakoro,14.5106,-6.765,300.54,63,100,5.72,NE,1694572645
433,ceeldheer,3.8488,-47.1806,297.8,89,55,6.02,SO,1694572645
434,weno,7.4515,-151.8468,307.12,66,75,2.57,FM,1694572645
435,nuku'alofa,-21.1333,175.2,300.34,69,20,6.17,TO,1694572645
436,luanda,-8.8368,-13.2343,294.15,88,75,2.06,AO,1694572598
437,araguaina,-7.1911,48.2072,300.58,35,4,2.05,BR,1694572646
438,gazojak,41.1875,-61.4036,290.66,40,0,5.81,TM,1694572646
439,mil'kovo,55.6078,-37.7956,284.45,78,1,1.84,RU,1694572646
440,magadan,59.5667,-150.8,280.67,94,100,4.58,RU,1694572445
441,kristiansund,63.1115,-7.732,281.51,81,100,6.69,NO,1694572647
442,bengkulu,-3.8004,-102.2655,300.66,68,10,3.02,ID,1694572647
443,kresttsy,58.2452,-32.5165,285.85,88,32,2.92,RU,1694572647
444,uttar char fasson,22.2332,-90.7132,301.69,81,100,9.72,BD,1694572647
445,inhambane,-23.865,-35.3833,293.09,72,99,8.34,MZ,1694572648
446,leava,-14.3,178.1667,300.48,78,12,7.77,WF,1694572648
447,petropavlovsk-kamchatsky,53.0452,-158.6483,285.48,94,75,2.0,RU,1694572648
448,helena valley west central,46.6629,112.0604,294.55,52,56,0.45,US,1694572648
449,douglas,41.3,96.167,292.77,61,0,0.0,US,1694572648
450,puerto penasco,31.3167,113.5333,304.15,69,8,2.34,MX,1694572420
451,mandalgovi,45.7625,-106.2708,292.23,27,91,2.21,MN,1694572649
452,minas de marcona,-15.2119,75.1103,285.05,87,49,6.87,PE,1694572649
453,barranca,-10.75,77.7667,291.16,82,77,4.58,PE,1694572649
454,tshikapa,-6.4167,-20.8,297.26,63,65,0.99,CD,1694572649
455,ialibu,-6.2821,-143.9935,288.33,93,95,1.23,PG,1694572650
456,fort mcmurray,56.7268,111.381,292.88,55,20,1.54,CA,1694572511
457,mawlamyinegyunn,16.3833,-95.2667,298.24,93,100,4.06,MM,1694572650
458,dalandzadgad,43.5708,-104.425,297.68,20,75,5.8,MN,1694572650
459,beyla,8.6833,8.6333,293.3,97,84,0.61,GN,1694572650
460,carthage,36.8611,-10.3316,298.89,61,20,3.09,TN,1694572592
461,gadzhiyevo,69.2551,-33.3362,282.18,93,100,6.21,RU,1694572651
462,caldwell,43.6629,116.6874,300.23,40,0,0.0,US,1694572517
463,gucheng chengguanzhen,32.266,-111.6348,299.03,67,78,1.49,CN,1694572651
464,grand falls-windsor,48.9332,55.6649,286.21,94,100,1.92,CA,1694572450
465,milove,49.3787,-40.1302,283.57,64,98,2.28,UA,1694572652
466,pangody,65.85,-74.4859,283.61,58,84,4.42,RU,1694572652
467,fale old settlement,-9.3852,171.2468,301.59,75,14,5.72,TK,1694572652
468,susangerd,31.5608,-48.1831,306.93,15,0,3.86,IR,1694572652
469,saint-jean-de-monts,46.7833,2.0667,289.38,83,12,4.55,FR,1694572653
470,errachidia,31.9275,4.4285,299.18,22,0,1.54,MA,1694572653
471,i-n-salah,27.1935,-2.4607,305.6,19,12,4.93,DZ,1694572653
472,sernur,56.9333,-49.1536,283.44,82,47,2.79,RU,1694572653
473,akureyri,65.6835,18.0878,273.11,86,0,2.06,IS,1694572653
474,acu,-5.5767,36.9086,297.8,75,0,5.35,BR,1694572654
475,filingue,14.3521,-3.3168,300.57,74,84,9.42,NE,1694572654
476,tinajo,29.0788,13.7081,295.64,78,0,3.6,ES,1694572654
477,south venice,27.0531,82.4243,303.16,86,0,2.06,US,1694572654
478,selfoss,63.9331,20.9971,280.29,77,100,3.62,IS,1694572655
479,tsiombe,-25.3,-45.4833,294.25,83,74,3.61,MG,1694572655
480,polyarnyy,69.1989,-33.4478,282.41,94,100,5.98,RU,1694572400
481,fraserburgh,57.6874,2.0184,277.83,71,17,2.63,GB,1694572655
482,troy,42.6056,83.1499,290.12,88,40,0.0,US,1694572534
483,pawni,20.7833,-79.6333,299.11,84,99,4.48,IN,1694572656
484,igaci,-9.5369,36.6336,292.44,98,19,1.39,BR,1694572656
485,ha'il,27.5219,-41.6907,303.16,16,0,1.03,SA,1694572656
486,lysogorskaya,44.1064,-43.2756,286.9,67,17,1.89,RU,1694572656
487,kutum,14.2,-24.6667,296.09,72,100,2.59,SD,1694572657
488,kabo,7.6994,-18.629,295.09,97,90,1.09,CF,1694572657
489,kudahuvadhoo,2.6708,-72.8944,301.32,77,35,3.2,MV,1694572657
490,andergrove,-21.0833,-149.1833,298.51,54,0,9.09,AU,1694572657
491,levuka,50.1834,105.4011,291.05,38,66,4.56,CA,1694572658
492,beira,-19.8436,-34.8389,295.2,94,75,3.09,MZ,1694572658
493,tughyl,47.7252,-84.2063,290.52,57,10,0.68,KZ,1694572658
494,ostersund,63.1792,-14.6357,281.4,76,75,6.17,SE,1694572658
495,roxas,11.5853,-122.7511,303.79,65,59,1.75,PH,1694572558
496,inirida,3.8653,67.9239,295.99,98,100,0.78,CO,1694572659
497,palu,-0.8917,-119.8707,303.21,62,76,0.5,ID,1694572382
498,meldorf,54.0918,-9.0687,289.32,84,100,5.55,DE,1694572659
499,khalkhal,37.6189,-48.5258,284.38,85,10,2.29,IR,1694572660
500,derbent,42.0678,-48.2899,290.04,80,100,2.85,RU,1694572660
501,mount isa,-20.7333,-139.5,301.02,20,0,5.66,AU,1694572660
502,sosnovyy bor,59.9,-29.1167,289.64,76,69,5.73,RU,1694572661
503,novokhopersk,51.0969,-41.6252,284.2,82,99,2.09,RU,1694572661
504,den burg,53.0542,-4.7972,291.48,95,100,2.57,NL,1694572661
505,lowestoft,52.4752,-1.7516,288.29,89,100,9.15,GB,1694572404
506,talcahuano,-36.7167,73.1167,282.97,87,20,2.06,CL,1694572662
507,buka,40.8108,-69.1986,291.84,31,0,1.13,UZ,1694572662
508,sosnovaya polyana,59.8353,-30.1467,289.23,88,0,3.13,RU,1694572662
509,xanthi,41.1414,-24.8836,294.16,59,0,1.63,GR,1694572663
510,nantucket,41.2835,70.0995,296.18,100,100,2.06,US,1694572579
511,thurso,58.5927,3.5259,276.29,75,36,1.03,GB,1694572663
512,lander,42.833,108.7307,295.37,41,20,4.63,US,1694572663
513,ljusdal,61.8288,-16.0913,279.85,92,77,1.84,SE,1694572663
514,takhatgarh,25.3333,-73.0,300.09,76,100,6.01,IN,1694572664
515,zhob,31.3411,-69.4481,300.18,31,0,0.12,PK,1694572664
516,ruteng,-8.6136,-120.4721,297.83,48,9,0.32,ID,1694572664
517,fada,9.5667,-8.3,292.25,99,81,1.77,NG,1694572664
518,northam,51.0333,4.2167,290.54,86,96,3.68,GB,1694572665
519,ushtobe,45.2514,-77.9838,292.9,32,0,5.72,KZ,1694572665
520,siauliai,55.9333,-23.3167,287.16,100,24,1.03,LT,1694572665
521,mersing,2.4312,-103.8405,300.1,94,40,1.54,MY,1694572665
522,syktyvkar,61.6764,-50.8099,278.0,100,100,2.0,RU,1694572665
523,sao miguel do araguaia,-13.275,50.1628,302.95,30,43,2.32,BR,1694572666
524,olinda,-8.0089,34.8553,299.0,78,40,6.17,BR,1694572666
525,tshabong,-26.05,-22.45,282.25,49,0,4.97,BW,1694572666
526,east ballina,-28.8667,-153.5833,296.93,63,0,4.61,AU,1694572608
527,leua,48.2156,-18.6071,291.76,55,74,2.14,SK,1694572667
528,arkhangel'sk,64.5401,-40.5433,285.02,85,98,4.55,RU,1694572646
529,pyt-yakh,60.7499,-72.8582,285.74,74,99,1.29,RU,1694572667
530,nizao,18.25,70.2,298.19,85,100,2.42,DO,1694572667
531,kruisfontein,-34.0033,-24.7314,280.09,88,2,2.79,ZA,1694572668
532,kununurra,-15.7667,-128.7333,305.14,29,56,6.17,AU,1694572668
533,sittwe,20.15,-92.9,299.55,93,99,7.2,MM,1694572668
534,spring grove,42.4436,88.2365,289.05,83,72,2.1,US,1694572668
535,timimoun,29.2639,-0.231,304.36,30,20,5.14,DZ,1694572669
536,mount gambier,-37.8333,-140.7667,296.45,35,78,2.9,AU,1694572669
537,perry,37.2506,83.1999,295.25,97,79,1.12,US,1694572593
538,abu,24.6,-72.7,293.4,80,95,3.54,IN,1694572669
539,brookings,44.3114,96.7984,288.15,58,0,3.09,US,1694572669
540,pollau,47.3,-15.8333,290.59,100,42,2.01,AT,1694572670
541,kinkala,-4.3614,-14.7644,295.56,75,6,1.7,CG,1694572670
542,lorengau,-2.0226,-147.2712,302.25,71,31,3.69,PG,1694572670
543,elverum,60.8819,-11.5623,279.94,96,26,1.89,NO,1694572670
544,kitimat,54.0524,128.6534,286.36,99,100,3.58,CA,1694572670
545,coihueco,-36.6167,71.8333,280.56,87,0,1.03,CL,1694572671
546,port moresby,-9.4431,-147.1797,303.83,55,40,10.29,PG,1694572671
547,chernyshevskiy,63.0128,-112.4714,281.21,93,100,4.77,RU,1694572671
548,kibaya,-5.3,-36.5667,289.8,81,100,3.0,TZ,1694572671
549,angaur state,6.906,-134.13,301.69,74,61,5.13,PW,1694572671
550,santo angelo,-28.2992,54.2631,291.44,92,40,4.7,BR,1694572672
551,novodvinsk,64.4165,-40.8122,284.26,87,76,4.36,RU,1694572672
552,tazacorte,28.629,17.9293,296.69,69,40,3.09,ES,1694572672
